id|firstname|lastname|email|grade
0|Kenna|Allare|Kenna.Allare@yopmail.com|19
1|Korrie|Kelula|Korrie.Kelula@yopmail.com|20
2|Aili|Concha|Aili.Concha@yopmail.com|13
3|Joy|Sherfield|Joy.Sherfield@yopmail.com|10
4|Andeee|Vary|Andeee.Vary@yopmail.com|16
5|Cyndie|Tybald|Cyndie.Tybald@yopmail.com|14
6|Pollyanna|Janene|Pollyanna.Janene@yopmail.com|10
7|Ernesta|Medrek|Ernesta.Medrek@yopmail.com|18
8|Cassondra|Isidore|Cassondra.Isidore@yopmail.com|12
9|Christal|Buffum|Christal.Buffum@yopmail.com|16
10|Constance|Bonucci|Constance.Bonucci@yopmail.com|2
11|Sharlene|Parette|Sharlene.Parette@yopmail.com|16
12|Teddie|Florina|Teddie.Florina@yopmail.com|12
13|Lucille|Niccolo|Lucille.Niccolo@yopmail.com|8
14|Gerrie|Kimmie|Gerrie.Kimmie@yopmail.com|15
15|Kenna|Concha|Kenna.Concha@yopmail.com|3
16|Emilia|Shanley|Emilia.Shanley@yopmail.com|9
17|Lucy|Sparhawk|Lucy.Sparhawk@yopmail.com|1
18|Roslyn|Weinreb|Roslyn.Weinreb@yopmail.com|9
19|Albertina|Ochs|Albertina.Ochs@yopmail.com|11
20|Dode|Egbert|Dode.Egbert@yopmail.com|3
21|Alejandra|Francene|Alejandra.Francene@yopmail.com|18
22|Joelly|Sasnett|Joelly.Sasnett@yopmail.com|6
23|Diena|Schwejda|Diena.Schwejda@yopmail.com|14
24|Elie|Odysseus|Elie.Odysseus@yopmail.com|16
25|Lacie|Colp|Lacie.Colp@yopmail.com|7
26|Karina|Chauncey|Karina.Chauncey@yopmail.com|15
27|Justinn|Johnsson|Justinn.Johnsson@yopmail.com|4
28|Janey|Gillan|Janey.Gillan@yopmail.com|12
29|Kathi|Jena|Kathi.Jena@yopmail.com|5
30|Janeczka|Fry|Janeczka.Fry@yopmail.com|2
31|Collen|Malanie|Collen.Malanie@yopmail.com|4
32|Inga|Trinetta|Inga.Trinetta@yopmail.com|4
33|Sindee|Kannry|Sindee.Kannry@yopmail.com|14
34|Edyth|Diann|Edyth.Diann@yopmail.com|1
35|Karolina|Gert|Karolina.Gert@yopmail.com|3
36|Zia|Charmine|Zia.Charmine@yopmail.com|6
37|Lolita|Ummersen|Lolita.Ummersen@yopmail.com|3
38|Malina|Berl|Malina.Berl@yopmail.com|8
39|Farrah|Velick|Farrah.Velick@yopmail.com|11
40|Gratia|Alexandr|Gratia.Alexandr@yopmail.com|0
41|Annice|Tomasina|Annice.Tomasina@yopmail.com|19
42|Fredericka|Rosalba|Fredericka.Rosalba@yopmail.com|9
43|Nadine|Brunell|Nadine.Brunell@yopmail.com|5
44|Cecile|Shama|Cecile.Shama@yopmail.com|8
45|Jillayne|Mich|Jillayne.Mich@yopmail.com|3
46|Allis|Kannry|Allis.Kannry@yopmail.com|8
47|Emma|Estella|Emma.Estella@yopmail.com|9
48|Valli|Fairweather|Valli.Fairweather@yopmail.com|11
49|Raquela|Rustice|Raquela.Rustice@yopmail.com|12
50|Ottilie|Markman|Ottilie.Markman@yopmail.com|14
51|Lacie|Campball|Lacie.Campball@yopmail.com|20
52|Hildegaard|Tengdin|Hildegaard.Tengdin@yopmail.com|4
53|Eugine|Mendez|Eugine.Mendez@yopmail.com|4
54|Pollyanna|Dalli|Pollyanna.Dalli@yopmail.com|20
55|Sharai|Grobe|Sharai.Grobe@yopmail.com|8
56|Kassey|Ardeha|Kassey.Ardeha@yopmail.com|6
57|Lila|Corilla|Lila.Corilla@yopmail.com|2
58|Marylou|Masao|Marylou.Masao@yopmail.com|14
59|Nadine|Infield|Nadine.Infield@yopmail.com|9
60|Mallory|Leler|Mallory.Leler@yopmail.com|13
61|Ivett|Hoenack|Ivett.Hoenack@yopmail.com|11
62|Alameda|Love|Alameda.Love@yopmail.com|4
63|Audrie|Hubert|Audrie.Hubert@yopmail.com|1
64|Jessamyn|Herrera|Jessamyn.Herrera@yopmail.com|8
65|Clarice|Shelba|Clarice.Shelba@yopmail.com|8
66|Charmaine|McNully|Charmaine.McNully@yopmail.com|13
67|Carlie|Milson|Carlie.Milson@yopmail.com|4
68|Constance|Mehalek|Constance.Mehalek@yopmail.com|0
69|Jessy|Ovid|Jessy.Ovid@yopmail.com|0
70|Siana|Kaja|Siana.Kaja@yopmail.com|8
71|Talya|Wiener|Talya.Wiener@yopmail.com|11
72|Diena|Elvyn|Diena.Elvyn@yopmail.com|14
73|Donnie|Weitman|Donnie.Weitman@yopmail.com|16
74|Lindie|Grayce|Lindie.Grayce@yopmail.com|12
75|Philis|Bates|Philis.Bates@yopmail.com|3
76|Robinia|Casimir|Robinia.Casimir@yopmail.com|15
77|Tami|Margarete|Tami.Margarete@yopmail.com|9
78|Ilse|Greyson|Ilse.Greyson@yopmail.com|3
79|Moyna|Wyn|Moyna.Wyn@yopmail.com|2
80|Kristan|Isacco|Kristan.Isacco@yopmail.com|15
81|Vevay|Cohdwell|Vevay.Cohdwell@yopmail.com|7
82|Etta|Holbrook|Etta.Holbrook@yopmail.com|9
83|Ruthe|Francene|Ruthe.Francene@yopmail.com|16
84|Pearline|Atcliffe|Pearline.Atcliffe@yopmail.com|13
85|Merle|Kristi|Merle.Kristi@yopmail.com|5
86|Kathi|Carvey|Kathi.Carvey@yopmail.com|18
87|Korrie|Cecile|Korrie.Cecile@yopmail.com|15
88|Elbertina|Toor|Elbertina.Toor@yopmail.com|10
89|Jenda|Solitta|Jenda.Solitta@yopmail.com|4
90|Andree|Lindemann|Andree.Lindemann@yopmail.com|16
91|Mireielle|Penelopa|Mireielle.Penelopa@yopmail.com|7
92|Jorry|Darian|Jorry.Darian@yopmail.com|9
93|Wilma|Riva|Wilma.Riva@yopmail.com|9
94|Linet|Phaidra|Linet.Phaidra@yopmail.com|17
95|Tami|Phi|Tami.Phi@yopmail.com|11
96|Leona|Dorine|Leona.Dorine@yopmail.com|18
97|Daphne|Lauraine|Daphne.Lauraine@yopmail.com|9
98|Jasmina|Lacombe|Jasmina.Lacombe@yopmail.com|5
99|Jolyn|Chesna|Jolyn.Chesna@yopmail.com|11
