100;Catharine;Elvyn;Catharine.Elvyn@yopmail.com;1985-05-14;AndorrA;guest
101;Cassondra;Roumell;Cassondra.Roumell@yopmail.com;2016-03-02;Saint Lucia;guest
102;Sean;Honoria;Sean.Honoria@yopmail.com;2005-06-24;Germany;admin
103;Winifred;Salchunas;Winifred.Salchunas@yopmail.com;1939-02-20;Costa Rica;redactor
104;Genovera;Harriman;Genovera.Harriman@yopmail.com;1973-12-13;Kiribati;redactor
105;Babita;Emanuel;Babita.Emanuel@yopmail.com;1962-06-12;Svalbard and Jan Mayen;guest
106;Aryn;Cavan;Aryn.Cavan@yopmail.com;2006-10-02;Somalia;redactor
107;Gwenneth;Minetta;Gwenneth.Minetta@yopmail.com;1941-11-01;New Caledonia;guest
108;Sandie;Gualtiero;Sandie.Gualtiero@yopmail.com;1977-08-04;Reunion;admin
109;Fawne;Ilka;Fawne.Ilka@yopmail.com;1960-09-30;Iraq;admin
110;Darci;Delp;Darci.Delp@yopmail.com;1918-01-09;China;guest
111;Bill;Anton;Bill.Anton@yopmail.com;2005-10-25;Palau;admin
112;Starla;Martguerita;Starla.Martguerita@yopmail.com;1910-09-15;South Africa;redactor
113;Jan;Leary;Jan.Leary@yopmail.com;2003-02-25;Namibia;redactor
114;June;Aprile;June.Aprile@yopmail.com;1944-02-25;Tokelau;guest
115;Cordi;Reinke;Cordi.Reinke@yopmail.com;1920-08-05;Bhutan;guest
116;Sue;Tacye;Sue.Tacye@yopmail.com;1995-03-30;Tunisia;guest
117;Lynnea;Belanger;Lynnea.Belanger@yopmail.com;1905-05-15;Algeria;redactor
118;Elbertina;Rese;Elbertina.Rese@yopmail.com;1915-09-10;China;redactor
119;Myrtice;Merat;Myrtice.Merat@yopmail.com;2013-01-28;Poland;guest
120;Chickie;Emmy;Chickie.Emmy@yopmail.com;1910-05-21;Kiribati;redactor
121;Dolli;Candy;Dolli.Candy@yopmail.com;1912-11-17;"Lao People""S Democratic Republic";redactor
122;Brena;Bultman;Brena.Bultman@yopmail.com;1998-06-27;Denmark;guest
123;Nickie;Seessel;Nickie.Seessel@yopmail.com;2017-04-11;Morocco;redactor
124;Feliza;Shirberg;Feliza.Shirberg@yopmail.com;1982-10-25;Guam;admin
125;Zsa Zsa;Darian;Zsa Zsa.Darian@yopmail.com;1943-08-17;Liberia;admin
126;Gaylene;Hathaway;Gaylene.Hathaway@yopmail.com;2011-05-18;AndorrA;guest
127;Evita;Hanshaw;Evita.Hanshaw@yopmail.com;2019-04-17;Guadeloupe;guest
128;Binny;Rheingold;Binny.Rheingold@yopmail.com;1989-02-03;Antarctica;guest
129;Janeczka;Rosalba;Janeczka.Rosalba@yopmail.com;2010-01-21;Swaziland;admin
130;Bertine;Armanda;Bertine.Armanda@yopmail.com;1919-10-23;Faroe Islands;admin
131;Esmeralda;Jefferey;Esmeralda.Jefferey@yopmail.com;1907-07-22;Brunei Darussalam;guest
132;Lesly;Charmine;Lesly.Charmine@yopmail.com;1943-02-26;Greece;admin
133;Vita;Grimbly;Vita.Grimbly@yopmail.com;1942-03-22;Angola;admin
134;Hayley;Laurianne;Hayley.Laurianne@yopmail.com;1944-02-10;Croatia;guest
135;Tierney;Levey;Tierney.Levey@yopmail.com;1923-07-31;United Arab Emirates;guest
136;Tressa;Lia;Tressa.Lia@yopmail.com;1938-01-08;Iraq;admin
137;Inga;Hanshaw;Inga.Hanshaw@yopmail.com;1956-03-01;Mauritius;guest
138;Nananne;Roxanna;Nananne.Roxanna@yopmail.com;1988-10-17;Sudan;guest
139;Tilly;Helve;Tilly.Helve@yopmail.com;1932-09-16;Ireland;guest
140;Karena;Lenny;Karena.Lenny@yopmail.com;1916-09-07;Brunei Darussalam;guest
141;Libbie;Dearborn;Libbie.Dearborn@yopmail.com;1990-05-26;Morocco;guest
142;Desirae;Percy;Desirae.Percy@yopmail.com;2016-04-14;British Indian Ocean Territory;guest
143;Robbi;Swanhildas;Robbi.Swanhildas@yopmail.com;1925-07-30;Northern Mariana Islands;guest
144;Sheelagh;Kimmie;Sheelagh.Kimmie@yopmail.com;2005-10-12;Anguilla;redactor
145;Mildrid;Koziara;Mildrid.Koziara@yopmail.com;1916-02-28;Fiji;guest
146;Jolyn;Gilbertson;Jolyn.Gilbertson@yopmail.com;1947-05-07;Brazil;guest
147;Konstance;Tillford;Konstance.Tillford@yopmail.com;1921-11-13;Palau;redactor
148;Ethel;Suanne;Ethel.Suanne@yopmail.com;1978-07-20;Maldives;redactor
149;Louella;Abernon;Louella.Abernon@yopmail.com;1907-08-07;Yemen;redactor
150;Danika;Dielu;Danika.Dielu@yopmail.com;1941-09-21;Kyrgyzstan;redactor
151;Viki;Ackerley;Viki.Ackerley@yopmail.com;1964-05-20;Singapore;guest
152;Deane;Romelda;Deane.Romelda@yopmail.com;1900-08-10;Belize;guest
153;Paulita;Hirsch;Paulita.Hirsch@yopmail.com;1952-08-15;Sao Tome and Principe;guest
154;Jinny;Tarrant;Jinny.Tarrant@yopmail.com;1972-11-20;Bulgaria;guest
155;Gui;Bergman;Gui.Bergman@yopmail.com;1937-08-02;Mayotte;redactor
156;Berta;Torray;Berta.Torray@yopmail.com;1910-12-10;Saint Lucia;redactor
157;Ernesta;Kaete;Ernesta.Kaete@yopmail.com;1933-04-08;Algeria;guest
158;Estell;Anderea;Estell.Anderea@yopmail.com;1930-02-24;Swaziland;guest
159;Beverley;Gerge;Beverley.Gerge@yopmail.com;1985-03-07;Czech Republic;guest
160;Anthia;Anestassia;Anthia.Anestassia@yopmail.com;2018-03-17;Tunisia;guest
161;Regina;Primalia;Regina.Primalia@yopmail.com;1997-09-13;Dominican Republic;redactor
162;Mara;Selway;Mara.Selway@yopmail.com;1937-02-14;Sierra Leone;guest
163;Consuela;Ball;Consuela.Ball@yopmail.com;1925-06-17;Portugal;guest
164;Flory;Rubie;Flory.Rubie@yopmail.com;1924-04-22;Virgin Islands, British;guest
165;Deedee;Brodench;Deedee.Brodench@yopmail.com;2007-10-14;Belgium;redactor
166;Fredericka;Michella;Fredericka.Michella@yopmail.com;1979-04-06;French Polynesia;admin
167;Daune;Guthrie;Daune.Guthrie@yopmail.com;1979-09-01;Martinique;guest
168;Patricia;McLaughlin;Patricia.McLaughlin@yopmail.com;1983-05-07;Fiji;guest
169;Ardys;Yusuk;Ardys.Yusuk@yopmail.com;1908-05-08;Bahrain;guest
170;Dulce;Tamar;Dulce.Tamar@yopmail.com;1904-04-03;Reunion;admin
171;Sean;Mich;Sean.Mich@yopmail.com;1920-09-25;Belarus;admin
172;Shel;Isacco;Shel.Isacco@yopmail.com;1989-05-03;Sierra Leone;guest
173;Shandie;Nunci;Shandie.Nunci@yopmail.com;1901-02-19;United States;guest
174;Rubie;Zuzana;Rubie.Zuzana@yopmail.com;1938-05-26;Bouvet Island;guest
175;Talya;Lindemann;Talya.Lindemann@yopmail.com;1990-03-19;Sri Lanka;guest
176;Viviene;Zitvaa;Viviene.Zitvaa@yopmail.com;1994-02-12;Syrian Arab Republic;admin
177;Alleen;Haldas;Alleen.Haldas@yopmail.com;1956-11-09;Cocos (Keeling) Islands;guest
178;Dianemarie;Bord;Dianemarie.Bord@yopmail.com;2004-08-03;Saint Kitts and Nevis;guest
179;Marinna;Cimbura;Marinna.Cimbura@yopmail.com;2005-09-24;United Arab Emirates;guest
180;Gusella;Goddard;Gusella.Goddard@yopmail.com;1943-03-11;Canada;redactor
181;Maisey;Colp;Maisey.Colp@yopmail.com;2003-12-17;Åland Islands;guest
182;Madeleine;Adore;Madeleine.Adore@yopmail.com;1908-07-31;Åland Islands;guest
183;Flo;Pearse;Flo.Pearse@yopmail.com;1922-07-04;Paraguay;guest
184;Judy;Carlson;Judy.Carlson@yopmail.com;1906-01-04;Antarctica;redactor
185;Marnia;Uird;Marnia.Uird@yopmail.com;2010-04-01;Georgia;guest
186;Sashenka;Kauppi;Sashenka.Kauppi@yopmail.com;1922-03-09;Angola;guest
187;Barbara;McLaughlin;Barbara.McLaughlin@yopmail.com;1992-08-15;Serbia and Montenegro;guest
188;Verla;Brittani;Verla.Brittani@yopmail.com;1992-09-11;Romania;guest
189;Perry;Thomasina;Perry.Thomasina@yopmail.com;1950-10-05;Virgin Islands, British;guest
190;Randa;Lenny;Randa.Lenny@yopmail.com;1936-08-08;Switzerland;guest
191;Dione;Kesley;Dione.Kesley@yopmail.com;1927-04-26;Netherlands Antilles;guest
192;Dacia;Lareena;Dacia.Lareena@yopmail.com;1945-04-04;United Kingdom;redactor
193;Korrie;Kaete;Korrie.Kaete@yopmail.com;1927-09-02;Palestinian Territory, Occupied;guest
194;Dominga;Daniele;Dominga.Daniele@yopmail.com;1906-08-19;Antigua and Barbuda;guest
195;Lizzie;Judye;Lizzie.Judye@yopmail.com;1964-03-13;Myanmar;redactor
196;Elena;Norvol;Elena.Norvol@yopmail.com;1981-09-13;British Indian Ocean Territory;admin
197;Anica;Sharl;Anica.Sharl@yopmail.com;2005-04-28;Kiribati;guest
198;Karena;Sprage;Karena.Sprage@yopmail.com;1919-12-02;French Southern Territories;guest
199;Nataline;Ephrem;Nataline.Ephrem@yopmail.com;1936-04-16;Syrian Arab Republic;guest
